ville_id,ville,lat,lon,,,,
1,Abbeville,50.10547,1.83683,,,,
2,AGDE,43.3088,3.47681,,,,
3,AGEN,44.20314,0.61636,,,,
4,Aigurande,46.43401,1.8286,,,,
5,AIME,45.55598,6.65213,,,,
6,AIX EN PROVENCE,43.52974,5.44743,,,,
7,AIX LES BAINS,45.69234,5.909,,,,
8,AJACCIO,41.91923,8.73864,,,,
9,ALBERTVILLE,45.67554,6.39273,,,,
10,ALBI,43.92509,2.14864,,,,
11,ALENCON,48.43286,0.09127,,,,
12,ALES,44.1272,4.08335,,,,
13,ALFORTVILLE,48.80093,2.42232,,,,
14,Alpe d'Huez,45.09091,6.06477,,,,
15,ALTKIRCH,47.62039,7.24304,,,,
16,AMBERES,51.19578,4.40201,,,,
17,AMIENS,49.89407,2.29575,,,,
18,AMSTERDAM,52.37587,4.90127,,,,
19,ANCENIS,47.36546,-1.17749,,,,
20,ANDORRA,42.61441,2.09729,,,,
21,Andorra la Vella,42.50632,1.52184,,,,
22,ANGERS,47.47842,-0.56317,,,,
23,ANGOULEME,45.64838,0.15624,,,,
24,ANNECY,45.89925,6.12938,,,,
25,ANNEMASSE,46.19325,6.23416,,,,
26,Annonay Davezieux,45.25507,4.69715,,,,
27,ANTIBES,43.58042,7.1251,,,,
28,ANTONY,48.75926,2.30255,,,,
29,AOSTA,44.71386,5.05661,,,,
30,ARBOIS,46.90285,5.77234,,,,
31,ARC ET SENANS,47.03318,5.77763,,,,
32,ARCACHON,44.6523,-1.1785,,,,
33,ARCALIS,42.35399,1.08406,,,,
34,Arenberg,50.40559,3.40598,,,,
35,ARGELES,42.54621,3.02291,,,,
36,ARGELES GAZOST,43.00503,-0.10109,,,,
37,ARGENTAN,48.744,-0.01657,,,,
38,ARLON,49.68514,5.81048,,,,
39,ARMENTIERES,50.69165,2.88422,,,,
40,ARPAJON,48.58917,2.24624,,,,
41,ARRAS,50.291,2.77754,,,,
42,AUBAGNE,43.29268,5.56764,,,,
43,AUBENAS,44.62091,4.38986,,,,
44,AUCH,43.64638,0.58671,,,,
45,AULNAY SOUS BOIS,48.94122,2.49707,,,,
46,Auray,47.66649,-2.98377,,,,
47,AURILLAC,44.93095,2.445,,,,
48,AUTRANS,45.1761,5.54272,,,,
49,AUTUN,46.95091,4.30157,,,,
50,AUXERRE,47.7982,3.57378,,,,
51,AVESNES SUR HELPE,50.12359,3.92686,,,,
52,AVIGNON,43.94932,4.80553,,,,
53,AVORIAZ,46.18823,6.7751,,,,
54,AVRANCHES,48.68684,-1.36166,,,,
55,AX 3 DOMAINES,42.69954,1.81252,,,,
56,AX LES THERMES,42.72025,1.83755,,,,
57,BAGNERES DE BIGORRE,43.06509,0.1491,,,,
58,BAGNERES DE LUCHON,42.78896,0.59294,,,,
59,BAGNOLES DE L ORNE,48.5584,-0.41509,,,,
60,BALE,47.5596,7.58858,,,,
61,BALLON DE ALSACIA,47.82269,6.84633,,,,
62,BAR LE DUC,48.77361,5.15824,,,,
63,BARCELONA,41.38505,2.17331,,,,
64,BARCELONETTE,44.3863,6.65046,,,,
65,BASEL,47.5596,7.58858,,,,
66,BASTIA,42.69728,9.45088,,,,
67,BASTOGNE,50.00051,5.71528,,,,1
68,BAYONNE,43.49295,-1.47484,,,,
69,BAZAS,44.43062,-0.21146,,,,
70,BEAURAING,50.11028,4.95543,,,,
71,BEAUVAIS,49.42954,2.08071,,,,
72,BELFORT,47.63967,6.86385,,,,
73,Bellegarde sur Balserine,46.1076,5.82618,,,,
74,BERGERAC,44.85381,0.48339,,,,
75,BERINGEN,50.76145,4.14955,,,,
76,BERLIN,52.51697,13.37927,,,,
77,BESANCON,47.23783,6.02405,,,,
78,BESSE,45.09652,2.35108,,,,
79,BESSE EN CHANDESE,45.49789,2.90129,,,,
80,BETHUNE,50.53104,2.63926,,,,
81,BEVEREN,50.96855,3.14431,,,,
82,BEZIERS,43.34423,3.2158,,,,
83,BIARRITZ,43.48315,-1.55863,,,,
84,BLAGNAC,43.63509,1.39703,,,,
85,BLAIN,47.47528,-1.76494,,,,
86,Blaye les Mines,44.03091,2.1316,,,,
87,BLOIS,47.58609,1.33595,,,,
88,BOBIGNY,48.90861,2.43971,,,,
89,BONDY,48.90601,2.48188,,,,
90,Bonneval,48.18145,1.38529,,,,
91,BONNEVAL SUR ARC,45.3716,7.04623,,,,
92,BORDEAUX,44.83779,-0.57918,,,,
93,BORNEM,51.1,4.2333,,,,
94,BOULOGNE,50.72523,1.61333,,,,
95,BOULOGNE BILLANCOURT,48.8397,2.23991,,,,
96,BOULOGNE SUR MER,50.72523,1.61333,,,,
97,BOUR D OISANS,45.05195,6.03006,,,,
98,BOURG D'OISANS,45.05195,6.03006,,,,
99,Bourg de Peage,45.04042,5.05095,,,,
100,BOURG EN BRESSE,46.20517,5.2255,,,,
101,Bourg les Valence,44.94704,4.89463,,,,
102,BOURG MADAME,42.4344,1.9446,,,,
103,BOURG SAINT MAURICE,45.6186,6.76955,,,,
104,BOURGES,47.08101,2.39878,,,,
105,BOURGOIN,45.59711,5.27212,,,,
106,Bourgoin Jallieu,45.59711,5.27212,,,,
107,BRASCHAAT,51.3,4.5,,,,
108,BREST,48.39039,-4.48608,,,,
109,BRETIGNY SUR ORGE,48.61149,2.30604,,,,
110,BRIANCON,44.89942,6.64318,,,,
111,BRIGHTON,48.86493,2.32908,,,,
112,Brignoles,43.40655,6.06119,,,,
113,BRINACON,44.89942,6.64318,,,,
114,Brioude,45.29556,3.38648,,,,
115,BRIVE,45.15956,1.53394,,,,
116,BRIVE LA GAILLARDE,45.15956,1.53394,,,,
117,Brive la Gallarde,45.15956,1.53394,,,,
118,BRON,45.73332,4.91193,,,,
119,BRUXELLES,48.95109,3.35579,,,,
120,BRUXELLES,48.95109,3.35579,,,,
121,Bruxelles,50.5011,4.4765,,,,
122,CAEN,49.18286,-0.37068,,,,
123,CAGNES SUR MER,43.66374,7.14882,,,,
124,CAHORS,44.44752,1.44199,,,,
125,CALAIS,50.95129,1.85869,,,,
126,CALVI,42.56765,8.75722,,,,
127,CAMBO LES BAINS,43.36056,-1.39991,,,,
128,CAMBRAI,50.17354,3.23663,,,,
129,CANCALE,48.67707,-1.85228,,,,
130,CANET PLAGE,42.70609,3.0099,,,,
131,CANNES,43.55285,7.01737,,,,
132,CANTERBURY,51.28023,1.07891,,,,
133,CAP DECOUVERTE,44.02003,2.14293,,,,
134,Cap Frehel,48.68353,-2.31797,,,,
135,CAPTIEUX,44.29153,-0.26172,,,,
136,CARCASSONNE,43.21216,2.35366,,,,
137,Carhaix,48.27558,-3.57419,,,,
138,Carmaux,44.05003,2.16075,,,,
139,CARNON PLAGE,43.54314,3.97484,,,,
140,CARPENTRAS,44.05556,5.04872,,,,
141,CASTELSARRASIN,44.03989,1.10713,,,,
142,CASTILLON LA BATAILLE,44.85207,-0.04301,,,,
143,CASTRES,43.60621,2.2413,,,,
144,CAUTERETS,42.88905,-0.11425,,,,
145,CERGY PONTOISE,49.03201,2.08069,,,,
146,Cerilly,46.6176,2.82208,,,,
147,CHABLIS,47.81527,3.80045,,,,
148,CHALLANS,46.84483,-1.88041,,,,
149,CHALON SUR MARNE,48.95668,4.36307,,,,
150,CHALON SUR SAONE,46.78076,4.85395,,,,
151,CHALONS SUR MARNE,48.95668,4.36307,,,,
152,CHAMBERY,45.5646,5.91778,,,,
153,CHAMBORD,47.61613,1.51722,,,,
154,CHAMONIX,45.9237,6.86943,,,,
155,CHAMPAGNOLE,46.74609,5.90573,,,,
156,CHAMROUSSE,45.12533,5.87868,,,,
157,CHANTONNAY,46.68708,-1.05018,,,,
158,CHARLEROI,50.41081,4.44464,,,,
159,CHARLEVILLE,49.76209,4.7261,,,,
160,CHARLEVILLE-MEZIERS,49.76209,4.7261,,,,
161,CHARTRES,48.44385,1.48901,,,,
162,CHASSIEU EUROEXPO,45.72994,4.95156,,,,
163,CHATEAU THIERRY,49.04599,3.40262,,,,
164,CHATEAUBRIANT,47.72095,-1.37622,,,,
165,CHATEAULIN,48.19539,-4.09421,,,,
166,CHATEAUROUX,46.81143,1.68678,,,,
167,CHATEL,46.2674,6.84115,,,,
168,CHATELLERAULT,46.81649,0.54815,,,,
169,CHAUMEIL,45.45602,1.88078,,,,
170,CHAUMONT,48.11375,5.13926,,,,
171,CHERBOURG,49.63373,-1.62214,,,,
172,CHOLET,47.05941,-0.87979,,,,
173,CHORGES,44.54572,6.27555,,,,
174,CINEY,50.3,5.1,,,,
175,CLERMONT FERRAND,45.77722,3.08703,,,,
176,CLUSES,46.06039,6.58058,,,,
177,COGNAC,45.69105,-0.32874,,,,
178,COL D AUBISQUE,42.97657,-0.33967,,,,
179,COL D AUSBIQUE,42.97657,-0.33967,,,,
180,COLMAR,48.07936,7.35851,,,,
181,COLOGNE,50.93638,6.95277,,,,
182,COLOMIERS,43.61219,1.33658,,,,
183,COMMERCY,48.7638,5.59235,,,,
184,COMPIEGNE,49.41782,2.82615,,,,
185,CONCARNEAU,47.87283,-3.92073,,,,
186,CORBEIL ESSONNES,48.61026,2.47481,,,,
187,CORK,51.89524,-8.47714,,,,
188,CORREZE,45.43201,2.01959,,,,
189,COSNE SUR LOIRE,47.38241,2.92528,,,,
190,COURCHEVEL,45.41466,6.63469,,,,
191,CRANS MONTANA,46.34257,7.49844,,,,
192,CRETEIL,48.79037,2.45557,,,,
193,Cugnaux,43.53714,1.345,,,,
194,Cuneo,44.38448,7.54267,,,,
195,DAMAZAN,44.2905,0.27642,,,,
196,DAX,43.70861,-1.05195,,,,
197,DEAUVILLE,49.35398,0.07512,,,,
198,DIEPPE,49.92299,1.07748,,,,
199,DIGNE,44.09219,6.23598,,,,
200,DIGNE LES BAINS,44.09219,6.23598,,,,
201,DIJON,47.32205,5.04148,,,,
202,DINAN,48.45437,-2.04733,,,,
203,DINANT,50.26049,4.91275,,,,
204,DINARD,48.63302,-2.05513,,,,
205,DIVONNE LES BAINS,46.35817,6.13604,,,,
206,DOLE,47.09534,5.49081,,,,
207,DOMAINE DU ROURET,44.38128,4.27638,,,,
208,DOUAI,50.36787,3.0806,,,,
209,DOVER,51.12788,1.3134,,,,
210,Draguignan,43.53773,6.46499,,,,
211,DUBLIN,53.33822,-6.24995,,,,
212,DUNKERKE,51.03437,2.37678,,,,
213,DUNKERQUE,51.03437,2.37678,,,,
214,EMBRUN,44.56416,6.49587,,,,
215,ENNISCORTHY,52.5021,-6.5659,,,,
216,EPERNAY,49.04341,3.95624,,,,
217,EPINAL,48.1724,6.4494,,,,
218,EPINAY,48.95574,2.31474,,,,
219,ESCH SUR ALZETTE,49.50088,5.98609,,,,
220,Etampes,48.43442,2.16142,,,,
221,EURALILLE,50.63743,3.07454,,,,
222,EURO DISNEY,48.87223,2.77581,,,,
223,EURODISNEY,48.87223,2.77581,,,,
224,EUROTUNEL,51.01788,1.47455,,,,
225,EVIAN,46.40149,6.59095,,,,
226,EVIAN-LES-BAINS,46.40149,6.59095,,,,
227,EVREUX,49.02701,1.15136,,,,
228,EVRY,48.62983,2.44178,,,,
229,FECAMP,49.7556,0.38077,,,,
230,FELSBERG,51.13333,9.41667,,,,
231,FIGEAC,44.60829,2.03287,,,,
232,FLERS,48.75006,-0.57579,,,,
233,FLEURANCE,43.84946,0.66324,,,,
234,FOIX,42.96413,1.60523,,,,
235,FONT ROMEAU,42.51829,2.03222,,,,
236,FONTAINE,45.19275,5.68821,,,,
237,FONTAINE AU PIRE,50.13042,3.37561,,,,
238,FONTAINEBLEAU,48.40468,2.70162,,,,
239,FONTENAY SOUS BOIS,48.85154,2.47591,,,,
240,FOREST,49.80769,3.09918,,,,
241,FORGES LES EAUX,49.61331,1.54589,,,,
242,FOUGERES,48.35156,-1.20463,,,,
243,FRANKFURT,50.03793,8.56215,,,,
244,FREIBURG,47.99901,7.8421,,,,
245,FRIBOURG,48.76713,6.85951,,,,
246,FRIBOURG-EN-BRISGAU,47.99901,7.8421,,,,
247,FROMENTINE,46.88918,-2.14003,,,,
248,FRONTIGNAN LA PEYRADE,43.42701,3.72675,,,,
249,FUTUROSCOPE,46.66986,0.36976,,,,
250,GAILLAC,43.90182,1.89651,,,,
251,GAILLARD,46.18469,6.20896,,,,
252,GALIBIER,45.0641,6.40773,,,,
253,GANTE,51.05434,3.71742,,,,
254,GAP,44.55964,6.07976,,,,
255,GENEVE,46.20439,6.14316,,,,
256,GERARDMER,48.07008,6.87729,,,,
257,GEX,46.33419,6.05804,,,,
258,GINEBRA,46.20439,6.14316,,,,
259,Girona,41.9844,2.8211,,,,
260,GIVORS,45.58329,4.77283,,,,
261,GOURETTE,42.95884,-0.33211,,,,
262,GRANVILLE,48.83758,-1.5973,,,,
263,GRENOBLE,45.18853,5.72452,,,,
264,GUERET,46.1696,1.87145,,,,
265,Gueugnon,46.60131,4.06499,,,,
266,GUZET NEIGE,42.77937,1.30081,,,,
267,HARELBEKE,50.8567,3.31068,,,,
268,HASSELT,50.93069,5.33248,,,,
269,HAUTACAM,42.97215,-0.00747,,,,
270,HENDAIA,43.3594,-1.76615,,,,
271,HENDAYA,43.3594,-1.76615,,,,
272,HERENTALS,51.1833,4.833,,,,
273,HUY,50.51872,5.23967,,,,
274,HYERES,43.12054,6.12864,,,,
275,ILE D OLERON,45.95397,-1.27337,,,,
276,ISOLA,44.1866,7.05272,,,,
277,ISOLA 2000,44.18598,7.16432,,,,
278,ISSOIRE,45.54151,3.24813,,,,
279,Issoudun,46.94754,1.98865,,,,
280,Isssoire,45.54151,3.24813,,,,
281,IVREA,45.46728,7.88006,,,,
282,JACA,43.31823,0.21483,,,,
283,JAMBES,50.45,4.86666,,,,
284,JAUNAY CLAN,46.68376,0.37508,,,,
285,Jausiers,44.41958,6.73333,,,,
286,JOIGNY,47.98143,3.39896,,,,
287,JOINVILLE,48.44348,5.13769,,,,
288,JONZAC,45.44537,-0.43106,,,,
289,KARLSRUHE,49.00689,8.40365,,,,
290,KOBLENZ,46.05187,4.71932,,,,
291,L ISLE D'ABEAU,45.62316,5.23011,,,,
292,LA BASTIDE D ARMAGNAC,43.96939,-0.18562,,,,
293,LA BAULE,47.28692,-2.39138,,,,
294,LA BAULE PORNICHET,47.26535,-2.34434,,,,
295,LA BOURBOULE,45.58724,2.73899,,,,
296,LA CHATAIGNERAIE,46.64919,-0.73987,,,,
297,LA CHATRE,46.58183,1.98617,,,,
298,LA CHUX DE FONDS,47.10349,6.83278,,,,
299,LA DEFENSE,48.88974,2.24184,,,,
300,LA FERTE SOUS JOUARRE,48.95051,3.13006,,,,
301,LA GRANDE MOTTE,43.5607,4.08607,,,,
302,LA HAYE FOUASSIERE,47.1556,-1.39955,,,,
303,LA MONGIE,42.91025,0.18281,,,,
304,LA PLAGNE,45.50824,6.67655,,,,
305,La Planche des Belles Filles,47.77454,6.77821,,,,
306,LA ROCHE SUR YON,46.67051,-1.42644,,,,
307,LA ROCHELLE,46.16033,-1.15114,,,,
308,LA RUCHERE,45.41122,5.80322,,,,
309,LA SEU d'URGELL,42.35758,1.45555,,,,
310,LA TOUR DU PIN,45.56403,5.44533,,,,
311,LA TOUSSUIRE,45.24327,6.30137,,,,
312,LAC DE MADINE,48.92162,5.73618,,,,
313,LAC DE VASSIVIERE,45.79722,1.87917,,,,
314,LAC SANT POINT,46.82782,6.3256,,,,
315,LACANAU,44.97846,-1.07575,,,,
316,LACANAU OCEAN,45.00214,-1.19474,,,,
317,LAMBALLE,48.46864,-2.51732,,,,
318,LANESTER,47.76349,-3.34735,,,,
319,LANGON,44.55542,-0.24513,,,,
320,LANION,48.73208,-3.45914,,,,
321,LANNEMEZAN,43.12552,0.38396,,,,
322,LANS EN VERCORS,45.12798,5.58827,,,,
323,LAON,49.56413,3.61989,,,,
324,LAPLUME,44.11069,0.53232,,,,
325,LARUNS,42.98764,-0.42627,,,,
326,LAUSANA,46.51965,6.63227,,,,
327,LAUSANNE,46.51965,6.63227,,,,
328,LAVAL,48.07851,-0.76699,,,,
329,LAVAUR,43.69919,1.8207,,,,
330,Lavelaet,42.93765,1.85147,,,,
331,LAVELANET,42.93765,1.85147,,,,
332,LE BLANC,46.63324,1.06429,,,,
333,LE BOURG D'OISANS,45.05195,6.03006,,,,
334,LE CAP D'AGDE,43.28074,3.5054,,,,
335,Le Cap de Agde,43.28074,3.5054,,,,
336,LE CREUSOT,46.80535,4.4278,,,,
337,LE GRAND BORNAND,45.94203,6.4267,,,,
338,LE HAVRE,49.49437,0.10793,,,,
339,LE MANS,48.00611,0.19956,,,,
340,LE MONT ST.MICHEL,48.63606,-1.51146,,,,
341,LE PLEYNET,45.27139,6.05544,,,,
342,LE PUY,45.04277,3.88294,,,,
343,LE PUY DE DOME,45.77202,2.96245,,,,
344,LE PUY DU FOU,46.8896,-0.92812,,,,
345,LE PUY EN VELAY,45.04277,3.88294,,,,
346,LE TOUQUET,50.52128,1.59068,,,,
347,LE TREPORT,50.05917,1.38247,,,,
348,LEIDEN,48.66144,6.18428,,,,
349,LENNEMEZAN,43.12552,0.38396,,,,
350,LES ARCS,45.57223,6.82964,,,,
351,LES DEUX ALPES,45.01763,6.12487,,,,
352,LES ECHELLES,45.43657,5.75369,,,,
353,Les Essarts,46.77414,-1.23052,,,,
354,LES MENUIRES,45.32317,6.53786,,,,
355,LES SABLES D OLONNE,46.49296,-1.79549,,,,
356,LEVALLOIS PERRET,48.89322,2.28786,,,,
357,LEZAT SUR LEZE,43.27627,1.34658,,,,
358,LEZIGNAN CORBIERES,43.2005,2.75778,,,,
359,Liège,50.63256,5.57967,,,,
360,LIBOURNE,44.913,-0.24399,,,,
361,LIEGE,50.63256,5.57967,,,,
362,LIEVIN,50.41792,2.77522,,,,
363,LILLE,50.62925,3.05726,,,,
364,LIMOGES,45.83362,1.26111,,,,
365,Limoux,43.05329,2.21814,,,,
366,LISIEUX,49.14592,0.22785,,,,
367,LODEVE,43.73366,3.31398,,,,
368,LONDRES,51.50986,-0.118092,,,,
369,Longjumeau,48.69306,2.29476,,,,
370,LONGWY,49.51992,5.76177,,,,
371,LONS LE SAUNIER,46.67136,5.5508,,,,
372,LORIENT,47.74825,-3.37024,,,,
373,LOUDENVIELLE,42.7957,0.41274,,,,
374,LOUDUN,47.00897,0.08318,,,,
375,LOURDES,43.09146,-0.04573,,,,
376,LOUVROIL,50.26374,3.9595,,,,
377,LOVAINA,50.87984,4.70052,,,,
378,LUCHON,42.78896,0.59294,,,,
379,LUCON,46.45477,-1.16706,,,,
380,LUGNY,46.47167,4.80982,,,,
381,LUNEVILLE,48.59224,6.49234,,,,
382,Luxembourg,48.84886,2.33542,,,,
383,LUZ ARDIDEN,42.87354,-0.00287,,,,
384,LUZ SAINT SAUVER,42.87354,-0.00287,,,,
385,LYON,45.76404,4.83566,,,,
386,MAASTRICHT,50.85137,5.69097,,,,
387,MACHECOUL,46.99228,-1.8172,,,,
388,Macon,46.30688,4.82873,,,,
389,MALO LES BAINS,51.04868,2.40107,,,,
390,MANOSQUE,43.83574,5.79092,,,,
391,MARCHE EN FAMENNE,50.22829,5.34416,,,,
392,MARCOUSSIS,48.64245,2.22988,,,,
393,MARENNES,45.82375,-1.104,,,,
394,MARSEILLE,43.29648,5.36978,,,,
395,Martigny,48.61439,-1.10504,,,,
396,MARTIGUES,43.40481,5.05373,,,,
397,MAUBEUGE,50.28023,3.9674,,,,
398,MAYENNE,48.30509,-0.61856,,,,
399,MAZAMET,43.4901,2.37658,,,,
400,MAZE MONTGEOFROY,47.46848,-0.27705,,,,
401,MEDUN,48.813,2.23847,,,,
402,MELUN,48.54211,2.6554,,,,
403,MENDE,44.51761,3.50187,,,,
404,MENTON,43.77448,7.49754,,,,
405,MERIBEL LES ALLUES,45.39688,6.56517,,,,
406,MERLIN PLAGE,46.6664,-1.5051,,,,
407,METZ,49.11931,6.17572,,,,
408,MEUDON,48.813,2.23847,,,,
409,MEYRIGNAC,45.39907,1.85459,,,,
410,MILLAU,44.10058,3.0778,,,,
411,MIRAMAS,43.5889,5.00214,,,,
412,MOANCO,43.40501,5.26312,,,,
413,Modane,45.20149,6.67292,,,,
414,MOHLIN,47.55913,7.84425,,,,
415,MOLENBEEK,50.8522,4.33033,,,,
416,MONACO,43.40501,5.26312,,,,
417,MONETIER LES BAINS,44.97625,6.50784,,,,
418,MONS,50.45,3.95,,,,
419,MONT DE MARSAN,43.89349,-0.49978,,,,
420,Mont des Alouettes,46.89401,-1.00944,,,,
421,MONT REVARD,45.66649,5.97784,,,,
422,MONT VENTOUX,44.17409,5.27868,,,,
423,MONTAIGU,46.97435,-1.31378,,,,
424,MONTARGIS,47.99729,2.73629,,,,
425,MONTAUBAN,44.02213,1.35296,,,,
426,MONTBELIARD,47.51036,6.79847,,,,
427,MONTCEAU LES MINES,46.67413,4.36298,,,,
428,MONTELIMAR,44.55694,4.7495,,,,
429,MONTEREAU,48.38473,2.95619,,,,
430,Montereau Fault Yonne,48.38473,2.95619,,,,
431,MONTGENEVRE,44.93079,6.72214,,,,
432,MONTGERON,48.70386,2.46045,,,,
433,MONTHLERY,48.63832,2.2715,,,,
434,MONTLUCON,46.34155,2.60199,,,,
435,MONTPELLIER,43.61077,3.87672,,,,
436,MONTPON,45.00885,0.16278,,,,
437,MONTPON MENESTEROL,45.00927,0.162,,,,
438,MONTREUIL SOUS BOIS,48.86381,2.44845,,,,
439,MORCENX,44.03365,-0.91125,,,,
440,MORLAIX,48.57761,-3.82823,,,,
441,MORZINE,46.17919,6.70888,,,,
442,MORZINE AVORIAZ,46.18823,6.7751,,,,
443,Morzine-Avoriaz,46.18823,6.7751,,,,
444,MOURENX,43.36826,-0.62055,,,,
445,MOUSCROM,50.74591,3.21929,,,,
446,MOUTIERS,45.48462,6.52993,,,,
447,MOUTIERS LES ORRES,45.48648,6.53141,,,,
448,MULHOSE,47.75084,7.33589,,,,
449,MULHOUSE,47.75084,7.33589,,,,
450,Mur de Bretagne,48.20171,-2.98759,,,,
451,NAMUR,50.46739,4.87199,,,,
452,NANCY,48.69205,6.18442,,,,
453,NANTERRE,48.89242,2.21533,,,,
454,NANTES,47.21837,-1.55362,,,,
455,NARBONNE,43.18428,3.00308,,,,
456,NAY,43.17662,-0.26255,,,,
457,NEMOURS,48.26704,2.69261,,,,
458,NEUCHATEL,46.98999,6.92927,,,,
459,NEUFCHATEL EN BRAY,49.73277,1.44189,,,,
460,NEUVILLE DE POITOU,46.68593,0.24692,,,,
461,NEVERS,46.9909,3.16285,,,,
462,NICE,43.71017,7.26195,,,,
463,NIMES,43.8367,4.36005,,,,
464,NIORT,46.32372,-0.46478,,,,
465,NOGENT SUR MARNE,48.83763,2.4817,,,,
466,NOGENT SUR OISE,49.27895,2.46469,,,,
467,NOIRMOUTIER EN L ILLE,47.00114,-2.24711,,,,
468,NOISY LE SEC,48.89249,2.45863,,,,
469,OBERNAI,48.46226,7.48168,,,,
470,Olonne sur Mer,46.5364,-1.77283,,,,
471,OLORON SAINTE MARIE,43.19441,-0.60529,,,,
472,ORANGE,44.1381,4.80751,,,,
473,ORCHIES,50.4745,3.2428,,,,
474,ORCIERES,44.68496,6.3241,,,,
475,ORCIERES MERLETTE,44.69741,6.32323,,,,
476,ORLEANS,47.90296,1.90925,,,,
477,ORTHEZ,43.48756,-0.77393,,,,
478,PAL,46.50903,3.62539,,,,
479,PALAISEAU,48.71451,2.24575,,,,
480,Pamiers,43.11475,1.60795,,,,
481,PAMPLONA,42.81253,-1.64577,,,,
482,PANTIN,48.89453,2.40963,,,,
483,PARIS,48.85661,2.35222,,,,
484,PASSAGE DU GOIS,46.93065,-2.12408,,,,
485,PAU,43.2951,-0.3708,,,,
486,Pauillac,45.19959,-0.74621,,,,
487,PERIGEUX,45.18403,0.72111,,,,
488,PERIGUEUX,45.18403,0.72111,,,,
489,PERONNE,49.93307,2.93335,,,,
490,PERPIGNAN,42.68866,2.89483,,,,
491,PERROS GUIREC,48.81546,-3.44494,,,,
492,Peyragudes,42.78305,0.46017,,,,
493,PEYREHORADE,43.54563,-1.09721,,,,
494,PFORZHEIM,48.89219,8.69463,,,,
495,PIAU ENGALY,42.78366,0.15889,,,,
496,Pinerolo,44.88459,7.33067,,,,
497,PLA DADET,42.81311,0.30578,,,,
498,PLA DE BERET,45.34641,5.39382,,,,
499,PLATEAU DE BEILLE,42.72472,1.69118,,,,
500,PLATEAU DE BONASCRE,42.70206,1.81489,,,,
501,PLOUAY,47.91514,-3.33457,,,,
502,PLUMELEC,47.8377,-2.63941,,,,
503,PLYMOUTH,50.3714,-4.1422,,,,
504,POITIERS,46.58022,0.34038,,,,
505,PONT AUDEMER,49.35488,0.5143,,,,
506,PONT L'EVEQUE,49.28498,0.18277,,,,
507,PONTARLIER,46.9041,6.35424,,,,
508,PONTCHATEAU,47.43693,-2.08954,,,,
509,PONTOISE,49.05097,2.10065,,,,
510,PORNIC,47.11549,-2.10444,,,,
511,PORNICHET,47.26343,-2.34057,,,,
512,PORNICHET-LA BEAULE,47.26072,-2.33994,,,,
513,Porrentruy,47.41665,7.07657,,,,
514,PORT BARCARES,42.78773,3.03657,,,,
515,PORTARLIER,46.9041,6.35424,,,,
516,PORTO VECCHIO,41.59137,9.27831,,,,
517,PORTSMOUTH,49.20137,-0.38232,,,,
518,POUILLY EN AUXOIS,47.2625,4.55629,,,,
519,PRA LOUP,44.36991,6.6014,,,,
520,PRAPOUTEL,45.25597,5.99299,,,,
521,Prato Nevoso,44.25411,7.78025,,,,
522,PRIVAS,44.73527,4.59904,,,,
523,PUY DE DOME,45.71241,3.01558,,,,
524,PYRENEES 2000,42.52119,2.05886,,,,
525,QUIMPER,47.99754,-4.0979,,,,
526,RAMBOUILLET,48.64387,1.82908,,,,
527,Ramboullet,48.64387,1.82908,,,,
528,Redon,47.65074,-2.08394,,,,
529,REGNIE DURETTE,46.1368,4.64105,,,,
530,REIMS,49.25833,4.0317,,,,
531,RENAZE,47.79326,-1.05571,,,,
532,RENNES,48.11727,-1.67779,,,,
533,REVEL,43.45861,2.00457,,,,
534,Roanne,46.03443,4.0727,,,,
535,ROCHEFORT,45.9367,-0.9617,,,,
536,ROCHEFORT SUR MER,45.9367,-0.9617,,,,
537,RODEZ,44.34939,2.57599,,,,
538,ROQUEFORT,43.97457,2.99202,,,,
539,ROSCOFF,48.7262,-3.98533,,,,
540,ROTTERDAM,50.72187,3.13233,,,,
541,ROUBAIX,50.6927,3.17785,,,,
542,ROUEN,49.44323,1.09997,,,,
543,ROYAN,45.62303,-1.04318,,,,
544,RUELLE SUR TOUVRE,45.67676,0.21922,,,,
545,RUFFEC,46.02856,0.19934,,,,
546,RUNGIS,48.74936,2.34994,,,,
547,SAARLOUIS,49.31346,6.75229,,,,
548,SABLE SUR SARTHE,47.84049,-0.33342,,,,
549,SAINT AMAND LES EAUX,50.44898,3.42871,,,,
550,SAINT AMAND MONTROND,46.72549,2.5056,,,,
551,SAINT BREVIN,47.24666,-2.16581,,,,
552,Saint Briecu,48.51418,-2.76584,,,,
553,SAINT BRIEUC,48.51418,-2.76584,,,,
554,SAINT DENIS,48.93618,2.35744,,,,
555,SAINT DIER D'AUVERGNE,45.67556,3.48283,,,,
556,SAINT DIZIER,48.63769,4.94742,,,,
557,SAINT EMILION,44.89439,-0.15573,,,,
558,Saint Fargeau,47.64158,3.07085,,,,
559,SAINT FLOUR,45.03303,3.09486,,,,
560,SAINT GALMIER,45.59032,4.31839,,,,
561,SAINT GAUDENS,43.1069,0.72376,,,,
562,SAINT GERMAIN EN LAYE,48.89891,2.09376,,,,
563,SAINT GERVAIS,45.89201,6.71219,,,,
564,SAINT GILDAS DES BOIS,47.51732,-2.03729,,,,
565,SAINT GILLES CROIX DE VIE,46.69778,-1.94453,,,,
566,SAINT GIRONS,42.98288,1.14609,,,,
567,SAINT GREGOIRE,48.15356,-1.68315,,,,
568,SAINT HERBLAIN,47.21034,-1.65144,,,,
569,SAINT HILAIRE DU HARCOUET,48.57709,-1.09203,,,,
570,SAINT JEAN DE MAURIENNE,45.2754,6.34489,,,,
571,SAINT JEAN DE MONTS,46.79346,-2.06179,,,,
572,SAINT LARY SOULAN,42.81584,0.32025,,,,
573,SAINT LEONARD DE NOBLAT,45.8367,1.48621,,,,
574,SAINT MAIXENT L ECOLE,46.41317,-0.20341,,,,
575,SAINT MALO,48.64934,-2.02567,,,,
576,SAINT MARTIN DE LANDELLES,48.54611,-1.17238,,,,
577,SAINT NAZAIRE,47.2735,-2.21385,,,,
578,SAINT OMER,50.75012,2.25221,,,,
579,SAINT ORENS DE GAMEVILLE,43.55188,1.53388,,,,
580,Saint Paul Trois Chateaux,44.34868,4.7683,,,,
581,SAINT POL DE LEON ROSCOFF,48.69474,-3.9882,,,,
582,SAINT POURÇAIN SUR SIOULE,46.3072,3.289,,,,
583,SAINT PRIES,45.69894,4.94707,,,,
584,SAINT PRIEST,45.69894,4.94707,,,,
585,SAINT QUENTIN,49.84707,3.2874,,,,
586,SAINT RAPHAEL,43.42519,6.76837,,,,
587,SAINT TRIVIER SUR MOIGNANS,46.07196,4.89787,,,,
588,SAINT VALERY EN CAUX,49.86058,0.70856,,,,
589,SAINT VINCENT D'AOSTE,45.75157,7.64208,,,,
590,SAINT WILLEBRORD,50.98533,2.12883,,,,
591,Saint-Paul-Trois-Châteaux,44.34868,4.7683,,,,
592,SAINTE FOY LA GRANDE,44.84181,0.21501,,,,
593,SAINTE GENEVIEVE DES BOIS,48.64084,2.32592,,,,
594,SAINTES,45.74418,-0.63339,,,,
595,SALIES DE BEARN,43.47056,-0.92485,,,,
596,SALLANCHES,45.93666,6.63056,,,,
597,Samatan,43.49213,0.93067,,,,
598,SAN REMO,43.8921,4.82021,,,,
599,SAN SEBASTIAN,43.31833,-1.98123,,,,
600,SANT GIRONS,42.98288,1.14609,,,,
601,SANTENAY,46.91283,4.69653,,,,
602,SARRAN,45.40817,1.93568,,,,
603,SARREBOURG,48.73266,7.05259,,,,
604,SARREBRUCK,49.24016,6.99693,,,,
605,SAUMUR,47.26014,-0.08089,,,,
606,SAUTERNES,44.53103,-0.34327,,,,
607,SAVINES LE LAC,44.52591,6.40498,,,,
608,SCEAUX,48.77802,2.29509,,,,
609,SCHUPFART,47.50869,7.95305,,,,
610,SCHVENINGEN,52.08626,4.29822,,,,
611,SEDAN,49.70349,4.93863,,,,
612,SEIGNOSSE LE PENON,43.70797,-1.4243,,,,
613,SEMNOZ,45.79722,6.10472,,,,
614,SEMUR EN AUXOIS,47.49024,4.33234,,,,
615,SENLIS,49.20516,2.58321,,,,
616,SENS,48.20065,3.28268,,,,
617,SEO DE URGEL,42.35758,1.45555,,,,
618,SERAING,50.58388,5.49963,,,,
619,SERRE CHEVALIER,44.9461,6.55928,,,,
620,SESTRIERE,44.95785,6.87909,,,,
621,SESTRIERES,44.95785,6.87909,,,,
622,SETE,43.40788,3.70082,,,,
623,SINT NIKLAAS,50.62924,5.53219,,,,
624,Sisteron,44.19471,5.94319,,,,
625,SOISSONS,49.37664,3.32342,,,,
626,SPA,50.4838,5.8667,,,,
627,SPA FRANCORCHAMPS,50.43691,5.97205,,,,
628,ST HERTOGENBOSCH,51.68333,5.3,,,,
629,ST.ETIENNE,45.4397,4.38718,,,,
630,ST.GAUDENS,43.1069,0.72376,,,,
631,ST.GERVAIS,45.89201,6.71219,,,,
632,ST.HILAIRE DU HARCOUET,48.57709,-1.09203,,,,
633,ST.JULIEN,46.14452,6.08134,,,,
634,ST.LARY-SOULAN,42.81584,0.32025,,,,
635,ST.MEEN LE GRAND,48.18981,-2.19299,,,,
636,ST.QUENTIN EN YVELINES,48.77006,2.02495,,,,
637,Station des Rousses,46.48434,6.06181,,,,
638,STRASBOURG,48.57341,7.75211,,,,
639,STRASBURG,48.57341,7.75211,,,,
640,STUTTGART,49.11909,9.71276,,,,
641,SUPER BESSE,45.50802,2.86152,,,,
642,SUPER LIORAN,45.08177,2.74895,,,,
643,SUPERBAGNERES,42.76879,0.57682,,,,
644,SUPERBESSE SANCY,45.52839,2.81393,,,,
645,TALLARD,44.46187,6.05533,,,,
646,TARASCON SUR ARIEGE,42.84852,1.60482,,,,
647,TARBES,43.23295,0.07808,,,,
648,THIONVILLE,49.35757,6.16843,,,,
649,THONON LES BAINS,46.37357,6.47764,,,,
650,THUIR,42.63243,2.75635,,,,
651,TIGNES,45.46832,6.90558,,,,
652,TOLOUSE,43.60465,1.44421,,,,
653,Tomblaine,48.68348,6.22131,,,,
654,Tonerre,47.85672,3.97353,,,,
655,TOULON,43.12423,5.928,,,,
656,TOULOUSE,43.60465,1.44421,,,,
657,TOURCOING,50.72499,3.16207,,,,
658,TOURLAVILLE,49.64351,-1.56945,,,,
659,TOURMALET,42.91489,0.18627,,,,
660,TOURNAI,50.60565,3.38793,,,,
661,Tournus,46.56182,4.91195,,,,
662,TOURS,47.39414,0.68484,,,,
663,TRESILLAC,45.19613,0.77911,,,,
664,TRETS,43.44691,5.68415,,,,
665,TROUVILLE,49.36629,0.08281,,,,
666,TROYES,48.29735,4.0744,,,,
667,TULLE,45.26565,1.7717,,,,
668,TURIN,45.07031,7.68686,,,,
669,VAISON LA ROMAINE,44.24097,5.0752,,,,
670,VAL D'ISERE,45.44803,6.98023,,,,
671,VAL LOURON,42.79097,0.38937,,,,
672,VAL THORENS,45.29795,6.5821,,,,
673,VALENCE,44.93339,4.89236,,,,
674,VALENCE D AGEN,44.10806,0.89024,,,,
675,VALENCIENNES,50.35711,3.51833,,,,
676,VALENTIGNEY,47.46142,6.83752,,,,
677,VALKENBURG,50.86523,5.83205,,,,
678,VALLOIRE,45.16529,6.42873,,,,
679,VALREAS,44.38372,4.98919,,,,
680,VALS LES BAINS,44.66515,4.36487,,,,
681,VANNES,47.65824,-2.76085,,,,
682,Vatan,47.07175,1.80868,,,,
683,Verbier,46.09608,7.22855,,,,
684,VERDUN,49.15988,5.38442,,,,
685,VERSAILLES,48.80141,2.13012,,,,
686,VERVIERS,50.58692,5.86086,,,,
687,VESOUL,47.61979,6.15428,,,,
688,VEUREY VOROIZE,45.27215,5.61281,,,,
689,VICHY,46.13186,3.42549,,,,
690,VILLARD DE LANS,45.07064,5.55227,,,,
691,VILLE D AVRAY,48.827,2.18869,,,,
692,VILLEFRANCHE EN BEAUJOLAIS,45.99147,4.71882,,,,
693,VILLENEUVE SUR LOT,44.40821,0.70726,,,,
694,VILLENEUVE-SUR-LOT,44.40821,0.70726,,,,
695,VILLERS SUR MER,49.32174,-0.00532,,,,
696,VILLERS-COTTERETS,49.25506,3.09082,,,,
697,VILLEURBANNE,45.77194,4.89017,,,,
698,VILLIE MORGON,46.16093,4.67933,,,,
699,VIRE,48.83778,-0.88848,,,,
700,VIRY CHATILLON,48.66622,2.3759,,,,
701,Visé,50.7333,5.7,,,,
702,VITORIA GASTEIZ,43.31319,-2.00663,,,,
703,VITRE,48.12475,-1.21543,,,,
704,VITTEL,48.20254,5.9435,,,,
705,VIZILLE,45.07732,5.77241,,,,
706,VOIRON,45.36271,5.59135,,,,
707,VOREPPE,45.29816,5.63752,,,,
708,VOUVRAY,47.41207,0.79925,,,,
709,Wanze,50.53448,5.2141,,,,
710,WAREGEM,50.88689,3.42317,,,,
711,WASQUEHAL,50.66928,3.13078,,,,
712,WATERLOO,48.05195,-4.04092,,,,
713,WIESBADEN,50.08896,8.24004,,,,
714,WOLUWE SAINT PIERRE,50.82998,4.4335,,,,
715,ZOLDER,50.81153,3.4186,,,,
716,ZURICH,48.88348,2.30245,,,,
